10757-1,Raptor Rescue Truck,2018,620,85,https://cdn.rebrickable.com/media/sets/10757-1.jpg
10758-1,T. Rex Breakout,2018,620,150,https://cdn.rebrickable.com/media/sets/10758-1.jpg
10759-1,Elastigirl's Rooftop Pursuit,2018,591,95,https://cdn.rebrickable.com/media/sets/10759-1.jpg
10760-1,Underminer Bank Heist,2018,591,149,https://cdn.rebrickable.com/media/sets/10760-1.jpg
10761-1,The Great Home Escape,2018,591,178,https://cdn.rebrickable.com/media/sets/10761-1.jpg
10762-1,Belle's Story Time,2018,593,87,https://cdn.rebrickable.com/media/sets/10762-1.jpg
10763-1,Stephanie's Lakeside House,2018,595,215,https://cdn.rebrickable.com/media/sets/10763-1.jpg
10764-1,City Central Airport,2018,591,376,https://cdn.rebrickable.com/media/sets/10764-1.jpg
10765-1,Ariel's Underwater Concert,2018,593,92,https://cdn.rebrickable.com/media/sets/10765-1.jpg
10766-1,Woody & RC,2019,275,69,https://cdn.rebrickable.com/media/sets/10766-1.jpg
10767-1,Duke Caboom's Stunt Show,2019,275,120,https://cdn.rebrickable.com/media/sets/10767-1.jpg
10768-1,Buzz and Bo Peep's Playground Adventure,2019,275,139,https://cdn.rebrickable.com/media/sets/10768-1.jpg
10769-1,Toy Story 4 RV Vacation,2019,275,178,https://cdn.rebrickable.com/media/sets/10769-1.jpg
10770-1,Buzz & Woody's Carnival Mania!,2019,275,230,https://cdn.rebrickable.com/media/sets/10770-1.jpg
1077-1,Supplementary Set,1976,528,172,https://cdn.rebrickable.com/media/sets/1077-1.jpg
10771-1,Carnival Thrill Coaster,2019,275,98,https://cdn.rebrickable.com/media/sets/10771-1.jpg
10772-1,Mickey Mouse's Propeller Plane,2021,388,59,https://cdn.rebrickable.com/media/sets/10772-1.jpg
10773-1,Minnie Mouse's Ice Cream Shop,2021,388,100,https://cdn.rebrickable.com/media/sets/10773-1.jpg
10774-1,Mickey Mouse & Minnie Mouse's Space Rocket,2021,388,88,https://cdn.rebrickable.com/media/sets/10774-1.jpg
10775-1,Mickey Mouse & Donald Duck's Farm,2021,388,118,https://cdn.rebrickable.com/media/sets/10775-1.jpg
10776-1,Mickey & Friends Fire Truck & Station,2021,388,144,https://cdn.rebrickable.com/media/sets/10776-1.jpg
10777-1,Mickey and Minnie's Camping Trip,2022,388,103,https://cdn.rebrickable.com/media/sets/10777-1.jpg
10778-1,"Mickey, Minnie and Goofy's Fairground Fun",2022,388,184,https://cdn.rebrickable.com/media/sets/10778-1.jpg
10780-1,Mickey and Friends Castle Defenders,2022,388,215,https://cdn.rebrickable.com/media/sets/10780-1.jpg
1078-1,Animal Mosaic Puzzle,1987,516,80,https://cdn.rebrickable.com/media/sets/1078-1.jpg
10781-1,Spider-Man's Techno Trike,2022,755,59,https://m.media-amazon.com/images/I/61dMOec4KbL.jpg
10782-1,Hulk vs. Rhino Truck Showdown,2022,755,110,https://www.lego.com/cdn/cs/set/assets/blt7aac15b15bf0927c/10782.png?format=webply&fit=bounds&quality=60&width=800&height=800&dpr=2
10783-1,Spider-Man at Doc Ock's Lab,2022,755,131,https://www.lego.com/cdn/cs/set/assets/blt72c6b3df2bd487cf/10783.png?format=webply&fit=bounds&quality=60&width=800&height=800&dpr=2
10784-1,Spider-Man Webquarters Hangout,2022,755,155,https://www.lego.com/cdn/cs/set/assets/bltb55abb554cf2a99d/10794.png?format=webply&fit=bounds&quality=60&width=800&height=800&dpr=2
10785-1,Bakey with Cakey Fun,2023,748,58,https://cdn.rebrickable.com/media/sets/10785-1.jpg
10786-1,Gabby & MerCat's Ship & Spa,2023,748,89,https://cdn.rebrickable.com/media/sets/10786-1.jpg
10787-1,Kitty Fairy's Garden Party,2023,748,130,https://cdn.rebrickable.com/media/sets/10787-1.jpg
10788-1,Gabby's Dollhouse,2023,748,499,https://cdn.rebrickable.com/media/sets/10788-1.jpg
10789-1,Spider-Man's Car and Doc Ock,2023,755,48,https://cdn.rebrickable.com/media/sets/10789-1.jpg
10790-1,Team Spidey at Green Goblin's Lighthouse,2023,755,149,https://cdn.rebrickable.com/media/sets/10790-1.jpg
1079-1,Animal Mosaic Puzzle,1987,516,80,https://cdn.rebrickable.com/media/sets/1079-1.jpg
10791-1,Team Spidey's Mobile Headquarters,2023,755,187,https://cdn.rebrickable.com/media/sets/10791-1.jpg
10792-1,Drill Spinner Vehicle,2024,755,58,https://cdn.rebrickable.com/media/sets/10792-1.jpg
10793-1,Spidey vs. Green Goblin,2024,755,84,https://www.lego.com/cdn/cs/set/assets/blt61022eb717cbea09/10793.png?format=webply&fit=bounds&quality=60&width=800&height=800&dpr=2
10794-1,Team Spidey Web Spinner Headquarters,2024,755,193,https://cdn.rebrickable.com/media/sets/10794-1.jpg
10801-1,Baby Animals,2016,632,13,https://cdn.rebrickable.com/media/sets/10801-1.jpg
10802-1,Savanna,2016,632,18,https://cdn.rebrickable.com/media/sets/10802-1.jpg
10803-1,Arctic,2016,632,40,https://cdn.rebrickable.com/media/sets/10803-1.jpg
10804-1,Jungle,2016,632,86,https://cdn.rebrickable.com/media/sets/10804-1.jpg
10805-1,Around the World,2016,632,163,https://cdn.rebrickable.com/media/sets/10805-1.jpg
10806-1,Horses,2016,632,20,https://cdn.rebrickable.com/media/sets/10806-1.jpg
10807-1,Horse Trailer,2016,632,15,https://cdn.rebrickable.com/media/sets/10807-1.jpg
10808-1,Little Plane,2016,632,13,https://cdn.rebrickable.com/media/sets/10808-1.jpg
10809-1,Police Patrol,2016,632,15,https://cdn.rebrickable.com/media/sets/10809-1.jpg
108-1,Battery Box,1976,235,1,https://cdn.rebrickable.com/media/sets/108-1.jpg
10810-1,Push Train,2016,634,45,https://cdn.rebrickable.com/media/sets/10810-1.jpg
10811-1,Backhoe Loader,2016,632,19,https://cdn.rebrickable.com/media/sets/10811-1.jpg
10812-1,Truck & Tracked Excavator,2016,632,26,https://cdn.rebrickable.com/media/sets/10812-1.jpg
10813-1,Big Construction Site,2016,632,67,https://cdn.rebrickable.com/media/sets/10813-1.jpg
10814-1,Tow Truck,2016,632,28,https://cdn.rebrickable.com/media/sets/10814-1.jpg
10815-1,My First Rocket,2016,504,21,https://cdn.rebrickable.com/media/sets/10815-1.jpg
10816-1,My First Cars and Trucks,2016,632,39,https://cdn.rebrickable.com/media/sets/10816-1.jpg
10817-1,Creative Chest,2016,505,73,https://cdn.rebrickable.com/media/sets/10817-1.jpg
10818-1,My First Truck,2016,632,29,https://cdn.rebrickable.com/media/sets/10818-1.jpg
10819-1,My First Garden,2016,632,25,https://cdn.rebrickable.com/media/sets/10819-1.jpg
10820-1,Creative Building Basket,2016,505,110,https://cdn.rebrickable.com/media/sets/10820-1.jpg
10822-1,Sofia's Magical Carriage,2016,639,30,https://cdn.rebrickable.com/media/sets/10822-1.jpg
10823-1,Batwing Adventure,2017,653,28,https://cdn.rebrickable.com/media/sets/10823-1.jpg
10824-1,Miles' Space Adventures,2016,629,23,https://cdn.rebrickable.com/media/sets/10824-1.jpg
10825-1,Miles' Exo-Flex Suit,2016,629,37,https://cdn.rebrickable.com/media/sets/10825-1.jpg
10826-1,Miles' Stellosphere Hangar,2016,629,44,https://cdn.rebrickable.com/media/sets/10826-1.jpg
10827-1,Mickey & Friends Beach House,2016,641,48,https://cdn.rebrickable.com/media/sets/10827-1.jpg
10828-1,Doc's Pet Vet Care,2016,648,30,https://cdn.rebrickable.com/media/sets/10828-1.jpg
10829-1,Mickey's Workshop,2016,641,18,https://cdn.rebrickable.com/media/sets/10829-1.jpg
10830-1,Minnie's Cafe,2016,641,27,https://cdn.rebrickable.com/media/sets/10830-1.jpg
1083-1,Supplementary Pack,1986,534,106,https://cdn.rebrickable.com/media/sets/1083-1.jpg
10831-1,My First Caterpillar,2016,504,22,https://cdn.rebrickable.com/media/sets/10831-1.jpg
10832-1,Birthday Picnic,2017,636,19,https://cdn.rebrickable.com/media/sets/10832-1.jpg
10833-1,Preschool,2017,636,39,https://cdn.rebrickable.com/media/sets/10833-1.jpg
10834-1,Pizzeria,2017,636,57,https://cdn.rebrickable.com/media/sets/10834-1.jpg
10835-1,Family House,2017,636,69,https://cdn.rebrickable.com/media/sets/10835-1.jpg
10836-1,Neighborhood (Town Square),2017,636,98,https://cdn.rebrickable.com/media/sets/10836-1.jpg
10837-1,Santa's Winter Holiday,2017,504,45,https://cdn.rebrickable.com/media/sets/10837-1.jpg
10838-1,Family Pets,2017,636,15,https://cdn.rebrickable.com/media/sets/10838-1.jpg
10839-1,Shooting Gallery,2017,504,32,https://cdn.rebrickable.com/media/sets/10839-1.jpg
10840-1,Big Fair,2017,504,106,https://cdn.rebrickable.com/media/sets/10840-1.jpg
10841-1,Fun Family Fair,2017,504,61,https://cdn.rebrickable.com/media/sets/10841-1.jpg
10842-1,Batcave Challenge,2017,653,73,https://cdn.rebrickable.com/media/sets/10842-1.jpg
10843-1,Mickey Racer,2017,641,15,https://cdn.rebrickable.com/media/sets/10843-1.jpg
10844-1,Minnie Mouse Bow-tique,2017,641,70,https://cdn.rebrickable.com/media/sets/10844-1.jpg
10845-1,My First Carousel,2017,504,24,https://cdn.rebrickable.com/media/sets/10845-1.jpg
10846-1,Flo's Café,2017,506,28,https://cdn.rebrickable.com/media/sets/10846-1.jpg
10847-1,My First Number Train,2017,504,23,https://cdn.rebrickable.com/media/sets/10847-1.jpg
10848-1,My First Bricks,2017,505,83,https://cdn.rebrickable.com/media/sets/10848-1.jpg
10849-1,My First Plane,2017,505,10,https://cdn.rebrickable.com/media/sets/10849-1.jpg
10850-1,My First Cakes,2017,504,8,https://cdn.rebrickable.com/media/sets/10850-1.jpg
10851-1,My First Bus,2017,505,6,https://cdn.rebrickable.com/media/sets/10851-1.jpg
10852-1,My First Bird,2017,505,7,https://cdn.rebrickable.com/media/sets/10852-1.jpg
10853-1,Creative Builder Box,2017,505,78,https://cdn.rebrickable.com/media/sets/10853-1.jpg
10854-1,Creative Box,2017,505,120,https://cdn.rebrickable.com/media/sets/10854-1.jpg
10855-1,Cinderella's Magical Castle,2017,640,56,https://cdn.rebrickable.com/media/sets/10855-1.jpg
10856-1,Mater's Shed,2017,506,23,https://cdn.rebrickable.com/media/sets/10856-1.jpg
10857-1,Piston Cup Race,2017,506,31,https://cdn.rebrickable.com/media/sets/10857-1.jpg
10858-1,My First Puzzle Pets,2018,504,18,https://cdn.rebrickable.com/media/sets/10858-1.jpg
10859-1,My First Ladybug,2018,505,6,https://cdn.rebrickable.com/media/sets/10859-1.jpg
10860-1,My First Race Car,2018,504,6,https://cdn.rebrickable.com/media/sets/10860-1.jpg
1086-1,Bulk Bucket,2000,505,48,https://cdn.rebrickable.com/media/sets/1086-1.jpg
10861-1,My First Emotions,2018,504,28,https://cdn.rebrickable.com/media/sets/10861-1.jpg
10862-1,My First Celebration,2018,504,41,https://cdn.rebrickable.com/media/sets/10862-1.jpg
10863-1,My First Animal Brick Box,2018,504,34,https://cdn.rebrickable.com/media/sets/10863-1.jpg
10864-1,Large Playground Brick Box,2018,504,71,https://cdn.rebrickable.com/media/sets/10864-1.jpg
10865-1,Fun Creations,2018,505,70,https://cdn.rebrickable.com/media/sets/10865-1.jpg
10867-1,Farmers' Market,2018,632,26,https://cdn.rebrickable.com/media/sets/10867-1.jpg
10868-1,Farm Pony Stable,2018,632,59,https://cdn.rebrickable.com/media/sets/10868-1.jpg
10869-1,Farm Adventures,2018,632,104,https://cdn.rebrickable.com/media/sets/10869-1.jpg
10870-1,Farm Animals,2018,632,16,https://cdn.rebrickable.com/media/sets/10870-1.jpg
10871-1,Airport,2018,632,29,https://cdn.rebrickable.com/media/sets/10871-1.jpg
10872-1,Train Bridge and Tracks,2018,634,26,https://cdn.rebrickable.com/media/sets/10872-1.jpg
10873-1,Minnie's Birthday Party,2018,641,21,https://cdn.rebrickable.com/media/sets/10873-1.jpg
10874-1,Steam Train,2018,634,59,https://cdn.rebrickable.com/media/sets/10874-1.jpg
10875-1,Cargo Train,2018,634,105,https://cdn.rebrickable.com/media/sets/10875-1.jpg
10876-1,Spider-Man & Hulk Adventures,2018,630,38,https://cdn.rebrickable.com/media/sets/10876-1.jpg
10877-1,Belle's Tea Party,2018,640,19,https://cdn.rebrickable.com/media/sets/10877-1.jpg
10878-1,Rapunzel's Tower,2018,640,37,https://cdn.rebrickable.com/media/sets/10878-1.jpg
10879-1,Gentle Giants Petting Zoo,2018,722,24,https://cdn.rebrickable.com/media/sets/10879-1.jpg
10880-1,T. rex Tower,2018,722,22,https://cdn.rebrickable.com/media/sets/10880-1.jpg
1088-1,Road Burner,1999,87,25,https://cdn.rebrickable.com/media/sets/1088-1.jpg
10881-1,Mickey's Boat,2018,641,28,https://cdn.rebrickable.com/media/sets/10881-1.jpg
10882-1,Train Tracks,2018,634,23,https://cdn.rebrickable.com/media/sets/10882-1.jpg
10883-1,My First Tow Truck,2019,632,11,https://cdn.rebrickable.com/media/sets/10883-1.jpg
10884-1,My First Balancing Animals,2019,504,15,https://cdn.rebrickable.com/media/sets/10884-1.jpg
10885-1,My First Fun Puzzle,2019,504,15,https://cdn.rebrickable.com/media/sets/10885-1.jpg
10886-1,My First Car Creations,2019,632,34,https://cdn.rebrickable.com/media/sets/10886-1.jpg
10887-1,Creative Fun,2019,505,120,https://cdn.rebrickable.com/media/sets/10887-1.jpg
10889-1,Mickey's Vacation House,2019,641,57,https://cdn.rebrickable.com/media/sets/10889-1.jpg
1089-1,Basic Figures,1985,534,24,https://cdn.rebrickable.com/media/sets/1089-1.jpg
10893-1,Spider-Man vs. Electro,2019,630,29,https://cdn.rebrickable.com/media/sets/10893-1.jpg
10894-1,Toy Story Train,2019,633,21,https://cdn.rebrickable.com/media/sets/10894-1.jpg
10895-1,Emmet and Lucy's Visitors from the DUPLO Planet,2019,504,53,https://cdn.rebrickable.com/media/sets/10895-1.jpg
10897-1,My First Minnie Build,2019,641,10,https://cdn.rebrickable.com/media/sets/10897-1.jpg
10898-1,My First Mickey Build,2019,641,9,https://cdn.rebrickable.com/media/sets/10898-1.jpg
10899-1,Frozen Ice Castle,2019,640,59,https://cdn.rebrickable.com/media/sets/10899-1.jpg
10900-1,Police Bike,2019,632,8,https://cdn.rebrickable.com/media/sets/10900-1.jpg
1090-1,TECHNIC Control I,1986,529,397,https://cdn.rebrickable.com/media/sets/1090-1.jpg
10901-1,Fire Truck,2019,632,21,https://cdn.rebrickable.com/media/sets/10901-1.jpg
10902-1,Police Station,2019,632,38,https://cdn.rebrickable.com/media/sets/10902-1.jpg
10903-1,Fire Station,2019,632,76,https://cdn.rebrickable.com/media/sets/10903-1.jpg
10904-1,Baby Animals,2019,632,9,https://cdn.rebrickable.com/media/sets/10904-1.jpg
10906-1,Tropical Island,2019,632,73,https://cdn.rebrickable.com/media/sets/10906-1.jpg
10907-1,World Animals,2019,632,121,https://cdn.rebrickable.com/media/sets/10907-1.jpg
10908-1,Plane,2019,632,12,https://cdn.rebrickable.com/media/sets/10908-1.jpg
10909-1,Heart Box,2020,505,80,https://cdn.rebrickable.com/media/sets/10909-1.jpg
10910-1,Submarine Adventure,2019,632,24,https://cdn.rebrickable.com/media/sets/10910-1.jpg
10913-1,Brick Box,2020,505,65,https://cdn.rebrickable.com/media/sets/10913-1.jpg
10914-1,Deluxe Brick Box,2020,505,85,https://cdn.rebrickable.com/media/sets/10914-1.jpg
10915-1,Alphabet Truck,2020,504,36,https://cdn.rebrickable.com/media/sets/10915-1.jpg
10917-1,Fire Truck,2020,632,6,https://cdn.rebrickable.com/media/sets/10917-1.jpg
10918-1,Tow Truck,2020,632,7,https://cdn.rebrickable.com/media/sets/10918-1.jpg
10919-1,Batcave,2020,653,33,https://cdn.rebrickable.com/media/sets/10919-1.jpg
10920-1,Elsa & Olaf's Tea Party,2020,640,17,https://cdn.rebrickable.com/media/sets/10920-1.jpg
1092-1,TECHNIC Control II,1986,529,467,https://cdn.rebrickable.com/media/sets/1092-1.jpg
10921-1,Super Heroes Lab,2020,630,30,https://cdn.rebrickable.com/media/sets/10921-1.jpg
10922-1,Ariel's Undersea Castle,2020,640,35,https://cdn.rebrickable.com/media/sets/10922-1.jpg
10924-1,Lightning McQueen's Race Day,2020,506,42,https://cdn.rebrickable.com/media/sets/10924-1.jpg
10925-1,Playroom,2020,652,17,https://cdn.rebrickable.com/media/sets/10925-1.jpg
10926-1,Bedroom,2020,652,16,https://cdn.rebrickable.com/media/sets/10926-1.jpg
10927-1,Pizza Stand,2020,632,18,https://cdn.rebrickable.com/media/sets/10927-1.jpg
10928-1,Bakery,2020,632,46,https://cdn.rebrickable.com/media/sets/10928-1.jpg
10929-1,Modular Playhouse,2020,652,133,https://cdn.rebrickable.com/media/sets/10929-1.jpg
10930-1,Bulldozer,2020,632,10,https://cdn.rebrickable.com/media/sets/10930-1.jpg
10931-1,Truck & Tracked Excavator,2020,632,20,https://cdn.rebrickable.com/media/sets/10931-1.jpg
10932-1,Wrecking Ball Demolition,2020,632,56,https://cdn.rebrickable.com/media/sets/10932-1.jpg
10933-1,Tower Crane & Construction,2020,632,123,https://cdn.rebrickable.com/media/sets/10933-1.jpg
10934-1,Creative Animals,2020,505,175,https://cdn.rebrickable.com/media/sets/10934-1.jpg
10935-1,Alphabet Town,2023,504,87,https://cdn.rebrickable.com/media/sets/10935-1.jpg
10937-1,Batman: Arkham Asylum Breakout,2012,697,1621,https://cdn.rebrickable.com/media/sets/10937-1.jpg
10938-1,Dinosaur Nursery,2022,722,27,https://cdn.rebrickable.com/media/sets/10938-1.jpg
10939-1,T. rex and Triceratops Dinosaur Breakout,2021,722,36,https://cdn.rebrickable.com/media/sets/10939-1.jpg
10940-1,Spider-Man Headquarters,2021,630,36,https://cdn.rebrickable.com/media/sets/10940-1.jpg
1094-1,Johnny Thunder,1999,297,13,https://cdn.rebrickable.com/media/sets/1094-1.jpg
10941-1,Mickey & Minnie Birthday Train,2021,641,22,https://cdn.rebrickable.com/media/sets/10941-1.jpg
10942-1,Minnie's House and Café,2021,641,91,https://cdn.rebrickable.com/media/sets/10942-1.jpg
10943-1,Happy Childhood Moments,2021,504,231,https://cdn.rebrickable.com/media/sets/10943-1.jpg
10944-1,Space Shuttle Mission,2021,504,23,https://cdn.rebrickable.com/media/sets/10944-1.jpg
10945-1,Garbage Truck and Recycling,2021,632,19,https://cdn.rebrickable.com/media/sets/10945-1.jpg
10946-1,Family Camping Van Adventure,2021,632,30,https://cdn.rebrickable.com/media/sets/10946-1.jpg
10947-1,Race Cars,2021,632,44,https://cdn.rebrickable.com/media/sets/10947-1.jpg
10948-1,Parking Garage and Car Wash,2021,632,112,https://cdn.rebrickable.com/media/sets/10948-1.jpg
10949-1,Farm Animal Care,2021,632,11,https://cdn.rebrickable.com/media/sets/10949-1.jpg
10950-1,Farm Tractor & Animal Care,2021,632,27,https://cdn.rebrickable.com/media/sets/10950-1.jpg
1095-1,Super Sub,1999,312,24,https://cdn.rebrickable.com/media/sets/1095-1.jpg
10951-1,Horse Stable and Pony Care,2021,632,65,https://cdn.rebrickable.com/media/sets/10951-1.jpg
10952-1,"Barn, Tractor & Farm Animal Care",2021,632,97,https://cdn.rebrickable.com/media/sets/10952-1.jpg
10953-1,Unicorn,2021,504,8,https://cdn.rebrickable.com/media/sets/10953-1.jpg
10954-1,Number Train - Learn To Count,2021,504,23,https://cdn.rebrickable.com/media/sets/10954-1.jpg
10955-1,Animal Train,2021,504,15,https://cdn.rebrickable.com/media/sets/10955-1.jpg
10956-1,Amusement Park,2021,632,95,https://cdn.rebrickable.com/media/sets/10956-1.jpg
10957-1,Fire Helicopter & Police Car,2021,632,16,https://cdn.rebrickable.com/media/sets/10957-1.jpg
10958-1,Creative Birthday Party,2021,504,200,https://cdn.rebrickable.com/media/sets/10958-1.jpg
10959-1,Police Station & Helicopter,2022,632,40,https://cdn.rebrickable.com/media/sets/10959-1.jpg
10960-1,Belle's Ballroom,2022,640,23,https://cdn.rebrickable.com/media/sets/10960-1.jpg
1096-1,Race Buggy,1999,87,23,https://cdn.rebrickable.com/media/sets/1096-1.jpg
10961-1,Airplane & Airport,2021,632,28,https://cdn.rebrickable.com/media/sets/10961-1.jpg
10962-1,Buzz Lightyear's Planetary Mission,2022,633,37,https://cdn.rebrickable.com/media/sets/10962-1.jpg
10963-1,Spider-Man & Friends: Funfair Adventure,2022,630,41,https://cdn.rebrickable.com/media/sets/10963-1.jpg
10964-1,Bath Time Fun: Floating Red Panda,2022,504,5,https://cdn.rebrickable.com/media/sets/10964-1.jpg
10965-1,Bath Time Fun: Floating Animal Train,2022,504,14,https://cdn.rebrickable.com/media/sets/10965-1.jpg
10966-1,Bath Time Fun: Floating Animal Island,2022,504,21,https://cdn.rebrickable.com/media/sets/10966-1.jpg